country_name,anios,valor_promedio,valor_max
Afghanistan,23,13093436166.100546,20497128555.69723
Africa Eastern and Southern,64,376676476646.1682,1236163044999.965
Africa Western and Central,64,279521420578.35834,894585438237.9581
Albania,40,7868635429.061087,22977677860.79785
Algeria,64,79710566170.83444,239899491127.7424
American Samoa,21,616142857.1428572,871000000.0
Andorra,54,1699461129.251274,4102319399.0234303
Angola,31,54654045040.43642,135966802586.7132
Antigua and Barbuda,47,896369976.359338,2033085185.185185
Arab World,59,1074237818500.7588,3613682354462.2393
Argentina,41,317986223533.3252,643628393281.364
Armenia,34,7407480811.533548,24212134631.064003
Aruba,37,2048886437.6608422,3544707788.0566425
Australia,64,521918129355.5159,1723827215334.7063
Austria,64,197169690579.54028,516034144115.9503
Azerbaijan,34,30686338067.144203,78807470588.2353
"Bahamas, The",64,5184536392.689437,14338500000.0
Bahrain,54,14089991878.812883,44383297872.34042
Bangladesh,64,82848206812.38225,460131688909.3012
Barbados,64,2348088622.248428,6393564189.61345
Belarus,32,41079885778.0622,78812805039.07434
Belgium,64,242886705838.8314,632216577075.1093
Belize,64,899235131.5372095,3281500000.0
Benin,64,4706353902.852894,19673284686.00226
Bermuda,63,2832728101.953687,7827980000.0
Bhutan,53,836070122.1984236,2898227713.223154
Bolivia,64,11601839486.764019,45849832906.413895
Bosnia and Herzegovina,34,12707600466.183907,27054889362.885204
Botswana,64,5823203968.908321,20321958850.03632
Brazil,35,1285608851804.4302,2616156223977.466
Brunei Darussalam,59,6589300512.608685,19048443340.773243
Bulgaria,44,35563003798.198425,101584384672.78587
Burkina Faso,64,5154302305.825485,20324617838.967648
Burundi,64,1170611711.926392,3338722827.656905
Cabo Verde,44,1044071428.1041389,2587252076.305599
Cambodia,49,8238984273.3678465,31772759998.85713
Cameroon,64,14841010446.151543,47945510090.05286
Canada,64,755211828303.2529,2161483369422.0144
Caribbean small states,64,14700758767.059868,53252637669.89535
Cayman Islands,17,4924051336.199588,6600844001.537206
Central African Republic,64,1097357910.0926375,2555492085.2483063
Central Europe and the Baltics,34,1012770145409.9358,2252970882003.431
Chad,64,4011725886.817633,13940767218.584888
Channel Islands,17,8654234553.974817,11514605842.336937
Chile,64,94857747431.562,335533331669.2191
China,64,3291242376142.7515,17881783387000.867
Colombia,64,116405936606.30531,382093697077.68494
Comoros,44,648842323.2425942,1352380972.1566217
"Congo, Dem. Rep.",32,24496859602.425747,66383287002.996895
"Congo, Rep.",64,4993610319.598203,17958720699.086823
Costa Rica,64,18805567539.025116,86497941439.01744
Cote d'Ivoire,64,19800057137.826035,78788828906.86345
Croatia,34,44121950431.17534,82688842717.3926
Cuba,51,39031780199.94803,107351800000.0
Curacao,12,2964422641.5700555,3073840325.4328494
Cyprus,49,13323297734.222504,32229622669.195114
Czechia,34,152870387362.82547,330858339871.6861
Denmark,64,161727075864.0975,405687998852.6912
Djibouti,38,1313372168.1885178,4098530513.557768
Dominica,47,330377162.89204097,653992592.5925926
Dominican Republic,64,26814888497.102478,121444279313.9308
Early-demographic dividend,64,3988279748031.3647,14847823837515.207
East Asia & Pacific,64,8725603969446.339,31148240510250.83
East Asia & Pacific (IDA & IBRD countries),64,4112684080966.091,21124121301342.57
East Asia & Pacific (excluding high income),64,4117688116465.803,21150247849983.09
Ecuador,64,35287836500.7955,118844826000.0
"Egypt, Arab Rep.",59,113576307719.53108,476747720364.7416
El Salvador,59,10869899035.661016,34015620000.000004
Equatorial Guinea,60,4900777253.817874,22388344143.913067
Eritrea,20,977773746.9846776,2065001626.01626
Estonia,31,18485944757.39566,40744848827.95366
Eswatini,64,1756770621.2633886,4886551483.93374
Ethiopia,64,23806442593.983723,163697927593.98236
Euro area,64,6363401115233.025,15544858680873.797
Europe & Central Asia,64,10351155531311.842,27240628835585.28
Europe & Central Asia (IDA & IBRD countries),36,2568966261730.571,5466276097557.084
Europe & Central Asia (excluding high income),37,929094023064.3683,2098349713814.253
European Union,64,7241012772665.388,18349388450765.61
Faroe Islands,58,1276101685.5959234,3655063937.931448
Fiji,64,1994078113.2134275,5581425327.443973
Finland,64,125374076479.25917,300187202696.08374
Fragile and conflict affected situations,64,674677461694.0483,2053788945066.257
France,64,1332030586446.6226,3030904089607.8965
French Polynesia,58,3336395545.037854,7136741421.959083
Gabon,64,6811617856.450907,21071739227.94216
"Gambia, The",58,756252278.1108509,2339904156.792144
Georgia,37,9691502159.64348,30535530479.022663
Germany,64,1857701612637.0261,4456081016705.961
Ghana,64,17735235540.825317,79524421861.27426
Greece,64,121234512304.58667,355908689477.44525
Greenland,52,1349872255.3094053,3235809504.298714
Grenada,47,562102221.5767552,1320334235.588974
Guam,21,5169142857.142858,6910000000.0
Guatemala,64,23460461380.187466,102050473863.63635
Guinea,54,7901777684.041728,23612295818.096096
Guinea-Bissau,54,713552670.2610552,1966461400.3583264
Guyana,64,1877768201.350786,16786302158.273382
Haiti,64,5550887346.450187,20877414952.63745
Heavily indebted poor countries (HIPC),64,268271689864.17825,1130472157492.994
High income,64,24569707290805.473,67653743404264.14
Honduras,64,8546314676.032176,34400509852.04365
"Hong Kong SAR, China",64,128171051971.20476,382054574298.52905
Hungary,56,70499504443.6195,212388906458.72397
IBRD only,64,9379926056217.291,38733043068564.85
IDA & IBRD total,64,10170854497160.38,41559721641424.8
IDA blend,64,356960698046.4427,1183656384165.711
IDA only,64,430957477097.2666,1786070910237.1333
IDA total,64,788058581215.2065,2835003428054.01
Iceland,64,8909102491.423521,31020032583.197216
India,64,785131883860.9656,3549918918777.532
Indonesia,57,353147739420.4956,1371171152331.155
"Iran, Islamic Rep.",62,181260072102.05927,644035512181.4827
Iraq,64,70166725604.05186,286640340965.5172
Ireland,64,123625155421.29079,545629450403.7351
Isle of Man,27,4553555530.806323,7931193222.064053
Israel,64,127647692090.03503,525002447652.77344
Italy,64,1055383882444.9825,2408655348718.5933
Jamaica,64,6980792764.369362,19423355367.23718
Japan,64,2938993709679.855,6272362996105.034
Jordan,59,14070729828.53113,50813642348.67464
Kazakhstan,34,104885967920.0981,261421121085.57208
Kenya,64,24500972322.591496,113419826113.90314
Kiribati,54,102431206.14748514,289207526.3066171
"Korea, Rep.",64,558226260851.7393,1818432106880.0369
Kosovo,16,7169877150.760002,10438351483.167696
Kuwait,62,54181394936.75349,182809482400.9244
Kyrgyz Republic,34,4760557238.770938,13987627908.83814
Lao PDR,40,6460173855.069403,18981805250.2424
Late-demographic dividend,64,6482946426150.104,28341396914858.266
Latin America & Caribbean,35,3758277091626.0366,7094329636592.513
Latin America & Caribbean (excluding high income),35,3208242745309.0493,6050580948759.951
Latin America & the Caribbean (IDA & IBRD countries),35,3597102771235.3076,6772781697090.741
Latvia,29,23121800871.69479,43627078481.28705
Least developed countries: UN classification,64,353991499025.8485,1504251159792.0146
Lebanon,35,25563612981.276432,54901519155.55556
Lesotho,64,953618624.7241331,2579409619.967217
Liberia,64,1181470030.6249993,4332000000.0
Libya,64,33330313190.973957,92540938129.13144
Liechtenstein,53,2814469660.277622,7710380085.922573
Lithuania,29,35904808459.659996,77836396962.77196
Low & middle income,64,8889871095465.818,37425214512640.016
Low income,44,231080056557.3167,646797730009.0897
Lower middle income,64,1834298718319.1267,7384750127842.017
Luxembourg,64,25419948918.97666,85755006123.5976
"Macao SAR, China",42,18892431054.327374,55190661339.77958
Madagascar,64,5610780821.618296,16031702914.91953
Malawi,44,5599366596.175437,14084341062.367504
Malaysia,64,114323351745.94179,407027451714.616
Maldives,54,1492712015.8381333,6600000000.0
Mali,57,5831582196.501284,20904898296.250145
Malta,54,5678226610.838941,20956999452.431664
Marshall Islands,54,111186729.05423562,284000000.0
Mauritania,63,2798634722.5780344,10452577062.75806
Mauritius,64,4751985251.856007,14735695930.972702
Mexico,64,539094589888.5776,1788886821046.8132
"Micronesia, Fed. Sts.",54,201429348.04278868,460000000.0
Middle East & North Africa,59,1371155356148.1504,4497116837259.169
Middle East & North Africa (IDA & IBRD countries),63,597586095435.2158,1770684776788.205
Middle East & North Africa (excluding high income),63,603030732701.5219,1782893176788.205
Middle income,64,8724220085746.205,36786942112904.5
Moldova,34,5886787567.490898,16539436547.294971
Monaco,53,3397352387.5063367,8784002931.686646
Mongolia,43,5777621250.218879,19872180369.6275
Montenegro,26,3719053316.943873,7404541964.507791
Morocco,64,47895241739.17781,141817797083.46814
Mozambique,33,10367465255.112988,20624597846.549507
Myanmar,64,17683719968.66824,79006113643.19055
Namibia,44,6644134567.942178,13682018827.04337
Nauru,54,56734161.88148722,175390280.69161984
Nepal,64,8981394570.46055,41182939600.67002
Netherlands,64,411682279490.13074,1118124749886.2942
New Caledonia,58,4109748933.254033,10635035594.752802
New Zealand,64,76140285147.25197,253644079784.97665
Nicaragua,36,7672615262.462621,17829215283.799656
Niger,64,4278746290.217672,16819170420.565315
Nigeria,64,160300711990.7513,574183763411.5076
North America,64,9294495558069.66,29509296092073.555
North Macedonia,34,7826494120.11368,14761237042.205698
Northern Mariana Islands,19,1019684210.5263158,1560000000.0
Norway,64,186487613125.39346,593726965415.6191
OECD members,64,23535745547781.5,64098865773302.98
Oman,59,30040265159.26002,114667360208.06242
Other small states,49,85418863823.53085,234402049500.76453
Pacific island small states,54,4506218732.261889,11232231820.248749
Pakistan,64,104186613586.92902,374787958882.3077
Palau,54,133396162.34415038,305404174.80468804
Panama,64,18051759818.44722,83382400000.0
Papua New Guinea,64,7449713432.450634,31603619036.633846
Paraguay,64,12520148119.550673,42956263543.948166
Peru,42,102416784888.34796,267603248655.2527
Philippines,64,110940800863.97086,437146372729.9424
Poland,34,362824165472.45544,811229100687.5663
Portugal,64,107131812412.51009,287080013574.4972
Post-demographic dividend,64,22386770916368.95,59851800976561.17
Pre-demographic dividend,64,486447371127.2892,1639586866408.6606
Puerto Rico,64,47028476582.8125,117902300000.0
Qatar,53,55933869184.6635,235770403734.9
Romania,37,126545073553.7017,351002579629.6701
Russian Federation,36,1062108615331.3745,2292470078346.224
Rwanda,64,3216821600.483955,14097768647.66952
Samoa,54,370407569.481535,934100336.2756538
San Marino,23,1635403101.6693225,2393437820.418925
Sao Tome and Principe,54,162436385.77102226,603240748.9542067
Saudi Arabia,64,269148840175.18655,1108571466666.6667
Senegal,64,8817915713.72367,31013986429.186054
Serbia,31,36801928572.07096,75187125426.73755
Seychelles,64,592761931.7109034,2141450171.139321
Sierra Leone,64,1549707551.9552944,5015180725.341599
Singapore,64,113448794878.49847,501427500080.0585
Sint Maarten (Dutch part),13,1301663410.9497206,1623165683.1284916
Slovak Republic,34,66976457834.63747,132793622283.07095
Slovenia,34,37655954978.54687,68216781410.52277
Small states,54,99661971535.91374,298978248910.6322
Solomon Islands,56,560153454.6105793,1631286701.1151562
Somalia,64,2738637125.641321,11679800110.152267
South Africa,64,169559680995.58798,458199494830.8336
South Asia,64,1014250619470.9146,4475567635413.059
South Asia (IDA & IBRD),64,1014250619470.9146,4475567635413.059
South Sudan,8,14080606755.744596,18426469016.94915
Spain,64,623171731154.6143,1631863493552.3433
Sri Lanka,64,25338773064.284615,94493871200.78688
St. Kitts and Nevis,64,370947927.464371,1107855555.5555556
St. Lucia,44,1085834914.253239,2519925938.5244665
St. Martin (French part),4,712552501.7511833,775875748.5238317
St. Vincent and the Grenadines,64,353463126.45987743,1065962962.9629627
Sub-Saharan Africa,64,656521728663.318,2061102939319.2317
Sub-Saharan Africa (IDA & IBRD countries),64,656521728663.3179,2061102939319.2312
Sub-Saharan Africa (excluding high income),64,655931542649.0979,2059044970799.401
Sudan,64,21197290001.87129,109327023588.7324
Suriname,64,1561929657.0286338,5240606060.606061
Sweden,64,260364799032.48477,639714956069.4681
Switzerland,64,305620075938.96063,884940402230.4088
Syrian Arab Republic,62,15921292723.465343,67539427670.99577
Tajikistan,34,4638323817.801199,12060602008.847782
Tanzania,64,19476997043.998833,79158286333.52399
Thailand,64,159216231340.55585,543976691793.88586
Timor-Leste,34,971761795.594803,3621958000.0
Togo,64,2674590085.837982,9171261835.06264
Tonga,48,231027084.77780172,512053692.0786754
Trinidad and Tobago,64,10322602294.608059,30053575132.14196
Tunisia,63,20170102699.78598,50271812920.612015
Turkiye,64,309955011748.78876,1108022373259.511
Turkmenistan,37,19117816315.659718,59887334844.06514
Turks and Caicos Islands,23,815631333.7497759,1402054390.94734
Tuvalu,54,19937546.840534955,62280311.58521716
Uganda,64,10820914778.909845,49272882213.623
Ukraine,37,102028932440.98111,199765859570.9353
United Arab Emirates,54,159731608225.09097,507063968277.74
United Kingdom,64,1345386436122.8528,3340032380668.036
United States,64,8536365957974.138,27360935000000.0
Upper middle income,64,6887905262760.1,29403677430761.277
Uruguay,64,21192124085.613884,77240831587.16696
Uzbekistan,37,36442716431.58147,90889149306.73126
Vanuatu,45,438775675.32314295,1126313359.2192256
"Venezuela, RB",55,96924463365.28267,482359318767.7031
Viet Nam,39,123607216760.46336,429716969049.5928
Virgin Islands (U.S.),20,4025700000.0,4784000000.0
West Bank and Gaza,30,9448803333.333334,19165500000.0
World,64,33569149056043.62,105435039507024.1
"Yemen, Rep.",29,20874604481.50323,43228585321.3272
Zambia,64,8339744227.16676,29163782140.485832
Zimbabwe,64,8722444212.559065,34156069918.06094
